outcomeId,cohortId,modelSettingsId,analysisId,devDatabase,populationSettingId,modelSettingId,covariateSettingId,modelSettingName,addExposureDaysToStart,riskWindowStart,addExposureDaysToEnd,riskWindowEnd,plpDataFolder,studyPopFile,plpResultFolder,cohortName,outcomeName
2001,1001,8,8,mdcr,1,1,1,Covid Vul Index,0,0,0,30,T:/AtlasResults/TestSkeleton/PlpData_L1_T10631,T:/AtlasResults/TestSkeleton/StudyPop_L1_T10631_O10082.rds,T:/AtlasResults/TestSkeleton/Analysis_8,flu or covid or symptoms outpatient visit no prior symptoms,hospitalization with pneumonia
2001,1001,8,1008,mdcr,1,1,1,Covid Vul Index,0,0,0,30,T:/AtlasResults/TestSkeleton/PlpData_L1_T10631,T:/AtlasResults/TestSkeleton/StudyPop_L1_T10631_O10082.rds,T:/AtlasResults/TestSkeleton/Analysis_8,flu or covid or symptoms 2020 outpatient visit no prior symptoms,hospitalization with pneumonia
2001,1002,8,2008,mdcr,1,1,1,Covid Vul Index,0,0,0,30,T:/AtlasResults/TestSkeleton/PlpData_L1_T10631,T:/AtlasResults/TestSkeleton/StudyPop_L1_T10631_O10082.rds,T:/AtlasResults/TestSkeleton/Analysis_8,covid or symptoms 2020 outpatient visit no prior symptoms,hospitalization with pneumonia
2001,1003,8,3008,mdcr,1,1,1,Covid Vul Index,0,0,0,30,T:/AtlasResults/TestSkeleton/PlpData_L1_T10631,T:/AtlasResults/TestSkeleton/StudyPop_L1_T10631_O10082.rds,T:/AtlasResults/TestSkeleton/Analysis_8,covid 2020 outpatient visit no prior symptoms,hospitalization with pneumonia
